,subject,multisigs,pre_bostrom_heroes,comm_pool,cyberd_bot_sergey,delegation,euler-4,inventors,investors,lifetime,load,port,relevance,sergeandmyself_rewards,takeoff,posthuman_rewards,sum
0,bostrom1qs9w7ry45axfxjgxa4jmuhjthzfvj78sxh5p6e,700000000000000.0,,,,,,,,,,,,,,,700000000000000.0
1,bostrom1xszmhkfjs3s00z2nvtn7evqxw3dtus6yr8e4pw,115883196057845.0,,,,,,,,,,,,,,,115883196057845.0
2,bostrom1ha4pw9w2qgc2ce9jwfrwrmaft5fneus58nqwev,50000000000000.0,,,,,,,,,,,,,,,50000000000000.0
3,bostrom1qn8sr2hzmktlecusdtxj9hwj0upnm0jft9snar,,,,,,,,4000000000000.0,,93872815.0,1265001729654.0,,,4887205664742.0,,10152301267211.0
4,bostrom16230lc9r27vrxlzd4wlvcz2l66quzj84vlkxc5,,,,,,,10000000000000.0,,,,,,,,,10000000000000.0
5,bostrom1gxhs5wzam5rlgf6cs0lkme400ut64d4ncpfs2h,,,,,,,10000000000000.0,,,,,,,,,10000000000000.0
6,bostrom1m8yf3g2m9p7danjvt4ga6vzewy380pk52kcu9z,,,,,,,,4000000000000.0,,,,,,,,4000000000000.0
7,bostrom1pntx8ql2v7cqxu05etg8c4v0r2vz7qnq9uqmpy,,,,,,,,4000000000000.0,,,,,,,,4000000000000.0
8,bostrom1s4czxghmh29aw2ldynk8r9lnkfccw5ph8rjpxa,,,,,,,,4000000000000.0,,,,,,,,4000000000000.0
9,bostrom1qwzsnnuk2u6avvh059c9p50gqqquvcu5svvwrs,,,,,,,,4000000000000.0,,,,,,,,4000000000000.0
10,bostrom1g07gj9ph0r2hjx6ffqn8vl38u4agd5mpqx9m7f,,,,,,,,4000000000000.0,,,,,,,,4000000000000.0
11,bostrom1ttd4h585vgy29gj0xe0p338drvw9w4m4hzwj9p,,,,,,,,4000000000000.0,,,,,,,,4000000000000.0
12,bostrom1t3222ju7ssu58xsm3m2xw445p94cqn2qrex3vy,,,,,,,,2000000000000.0,,,,,,,,2000000000000.0
13,bostrom1edlrze5f48jjaw0wxcve4asqqf2tcjdl59ln8q,,,,,,,,2000000000000.0,,,,,,,,2000000000000.0
14,bostrom10c8znaj94y900syues06dz50hw6y9qpkhunn25,,,,,,,1000000000000.0,400000000000.0,,,,,,,,1400000000000.0
15,bostrom1s3lgc3mgy4ltwr796qk6j73xmau4njueds0mgu,,,,,,,,,,,,,,1340337491769.0,,1340337491769.0
16,bostrom10556xtnp39nvx3ec3yjafug662pyt6af84n477,,,,,,,,,,,,,,1304153455839.0,,1304153455839.0
17,bostrom1fe5mspz9jsq6p9hqqet86dwp276635l6gacspa,,,,200000000.0,,,,1000000000000.0,,,,,,,,1000200000000.0
18,bostrom1ngd5w7j4u5ar5xh7vzuwqqznnhhcjmnz0s6kpu,,,,,,,,1000000000000.0,,,,,,,,1000000000000.0
19,bostrom17a7xxqa4drnalvv7pkxrkxqer953fdke3ulwx4,,,,,,,,1000000000000.0,,,,,,,,1000000000000.0
20,bostrom10e3rqclgjz4m4fnx2c23jupcjpyuvyx3x4k7qj,,,,,,,,1000000000000.0,,,,,,,,1000000000000.0
21,bostrom1s4wntr9selfaznc2ezjkwnwt2y0terx9tqpda3,,,,,,,,1000000000000.0,,,,,,,,1000000000000.0
22,bostrom194pp2whvqynxnfyw5tqy8fzy2kxsugyrwsaynk,,,,,,,,1000000000000.0,,,,,,,,1000000000000.0
23,bostrom1ffve0zx389ffl80ae9t8jmghcjuzdlqr5eayfd,,,,,,,,,,,,,,701778551659.0,,701778551659.0
24,bostrom1ftah3e558ww7xutn5w8h7vrqa9v69pntztnr3p,,,,,,,,,,,,,,622444466499.0,,622444466499.0
25,bostrom1wnpak7sfawsfv9c8vqe7naxfa4g99lv77d7c0z,,,,,,,,,,192458910.0,658125569.0,1750177336.0,45500000000.0,469321209467.0,,517421971282.0
26,bostrom14nzyt8wmx4g6zkeluelukamgsh5v4xgnc25k6j,,,,,,,,400000000000.0,,,,,,108729659282.0,,508729659282.0
27,bostrom1sng0f47cuvx6edxaujh24wc3dvk94q0w6r6smh,,,,,,,,400000000000.0,,3927733.0,,,,74217807211.0,,474221734944.0
28,bostrom1quchyywzdxp62dq3rwan8fg35v6j58sjwnfpuu,,,400000000000.0,,,,,,,,,32771825520.0,,,,432771825520.0
29,bostrom1mcslqq8ghtuf6xu987qtk64shy6rd86a2xtwu8,,,,,,,,400000000000.0,,,,,,,,400000000000.0
30,bostrom1679yrs8dmska7wcsawgy2m25kwucm3z0hwr74y,,,,,,,,,,264078762041.0,,120664978934.0,,4225275377.0,,388969016352.0
31,bostrom1hmkqhy8ygl6tnl5g8tc503rwrmmrkjcq3lduwj,,4976065872.0,,,44520253098.0,294594691430.0,,,27210367043.0,4614693334.0,,10420579129.0,,,,386336649906.0
32,bostrom1ymprf45c44rp9k0g2r84w2tjhsq7kalv98rgpt,,3704750054.0,,,47418074597.0,249028568078.0,,,30517372757.0,11978014123.0,,26452621959.0,,,,369099401568.0
33,bostrom1d8754xqa9245pctlfcyv8eah468neqzn3a0y0t,,,,,,,,360000000000.0,,7069919.0,,232748525.0,,,,360239818444.0
34,bostrom1sgy27lctdrc5egpvc8f02rgzml6hmmvh5wu6xk,,,,,,,,,,,,,,359172486938.0,,359172486938.0
35,bostrom12psudf4rpaw4jwhuyx3y8sejhsynae7gv53hn6,,,,,9428419501.0,289014488663.0,,,21663954767.0,,,,,,,320106862931.0
36,bostrom178q202gz0093uke0jy96psyya452rt8apl4has,,,,,,285239999451.0,,,,,,,,,,285239999451.0
37,bostrom1cg79pj70mgl8xlum0rw5yy6enk9jszsrzvwysn,,,,,,,,,,49096661.0,947937939.0,,,278433789365.0,,279430823965.0
38,bostrom1w4tvyvf3hhpcwv9d4axa8n0mmj5d6ypvpq5mj6,,,,,,,,,,,278432605496.0,,,,,278432605496.0
39,bostrom13dpy00jest96g7h5vdgvg9zpxq6xnclh5hzw5l,,,,,,,,,,,,,,258229369437.0,,258229369437.0
40,bostrom1kr6udadsvdjymq6m75un4khg27t25st2jn8sag,,,,,,255496772589.0,,,,,,,,,,255496772589.0
41,bostrom1mdq5r6az6z8su68zj6px88j2ukr78ea4ggkzt6,,,,,,,,,,,,,,237448433882.0,,237448433882.0
42,bostrom1xk4a2u2rjt7mqu5eg8xtxk37l28r3cugkqk9lp,,,,,,,,,,,233157212646.0,,,,,233157212646.0
43,bostrom177y7sqkxmvl22j632haf8y9gv0j3wedssq5m50,,5313581537.0,,,20500567008.0,161772072332.0,,,24014339467.0,28672450.0,,16249193036.0,,,,227878425830.0
44,bostrom1w8ap0ns4d5fagjfwvph6t99uet0cwv6y6r03un,,,,,,200997782490.0,,,,,,,,,,200997782490.0
45,bostrom1svm5wl5jf4p7dwemj7wh0p4egr3js6rqtlnefu,,,,,,197153970492.0,,,,,,,,,,197153970492.0
46,bostrom1gnnd2eaeqpp6lsd34tnp6j0m85h6r9qg0wh3vr,,,,,,194917719034.0,,,,,,,,,,194917719034.0
47,bostrom1t0hmc79ht0qja92p6qgxn3ee3a3rzqutv7thqn,,,,,,188630461585.0,,,,,,,,,,188630461585.0
48,bostrom1ggc9sqvj0uhnzwxu5dyzcr05shwd2vv2guqmas,,1171125807.0,,,,180243413335.0,,,6732817375.0,1178320.0,,,,,,188148534837.0
49,bostrom12q68xfj4r00nxnjrqk742rf0z2w6jmwaeppvr0,,,,,,183750995527.0,,,,,,,,,,183750995527.0
50,bostrom1lepnu7nt05g79jtmfp2pgrpys3fjc4p74sc0l2,,,,,,,,,,,,,,182911039870.0,,182911039870.0
51,bostrom1zhy7l8phhpsm2c6xl9c5arcu0z90clynluwrw5,,,,,,161481707259.0,,,,,,,,,,161481707259.0
52,bostrom1d5lu67hu3lhqtw6zyv7uy4gkfpdtfnzxdu6mrq,,,,,,,,,,,,,,157995617348.0,,157995617348.0
53,bostrom1zy553za8nenzukmv65240323jhuvxzym4pl6w9,,728651051.0,,,22107148994.0,,,,13440309740.0,44831928383.0,,1160221687.0,,72024951997.0,,154293211852.0
54,bostrom1x95keq9l9y9p7hjdt6xd8wnknrpnjsqrqhpwc9,,,150000000000.0,,,,,,,,,,,,,150000000000.0
55,bostrom1k60sfzh3ecyqfv36f7zav0089077e4zk4g6mxa,,,,,,146840247453.0,,,,,,,,,,146840247453.0
56,bostrom16jttzjgks48kqrhk5e68yv0gv6dt0rpw2f5pwn,,,,,,,,,,,,,,141302079887.0,,141302079887.0
57,bostrom1kpep8dl93ud4wgpws3tcew6as2s36c9v3csw89,,,,,,140997260087.0,,,,,,,,,,140997260087.0
58,bostrom16lvsv3w7rnhcm079v6j9eah3xd0p3pd37hl48j,,,,,,122742180846.0,,,,,,,,,,122742180846.0
59,bostrom1ke7kxdn29w2lrxt9dzusa6shvmwd8xm9gxm2zf,,5147839273.0,,,37576877634.0,,,,4443209216.0,,,73420928895.0,,,,120588855018.0
60,bostrom1e20hw2pqcgxvumkwn2qeeavcrswzskzjhr2aq0,,,,,,,,,,785547.0,,,,119453574443.0,,119454359990.0
61,bostrom1dt9lwmuq8rkngm5gajxchqhpcnavgp7md9v929,,2885250571.0,,,9987047512.0,90918587064.0,,,10957918915.0,321681321.0,,46807970.0,,,,115117293353.0
62,bostrom1mnrwpdlnglhtqwa55fa66va0j3fv72nvkz4e2x,,,,,1737571043.0,106192910312.0,,,6897780406.0,1571093.0,,,,,,114829832854.0
63,bostrom15zs0cjct43xs4z4sesxcrynar5mxm82f0ykhl3,,4090023363.0,,,15464386326.0,37624877989.0,,,20503040116.0,29730581092.0,,3719085456.0,,,,111131994342.0
64,bostrom1z98eg2ztdp2glyla62629nrlvczg8s7fvc0znp,,,100000000000.0,,,,,,,,,,,,,100000000000.0
65,bostrom1xvssufw8ke03halg8wgu8m994ktxz0y9vm6tqn,,,100000000000.0,,,,,,,,,,,,,100000000000.0
66,bostrom1vxxfhd8txmrq76jx3gj7sdrvg0vvqret6kxpgd,,,100000000000.0,,,,,,,,,,,,,100000000000.0
67,bostrom1vtu55cc7m6yz9zfg5vqdk80f2g68petgzj9fv4,,,100000000000.0,,,,,,,,,,,,,100000000000.0
68,bostrom1dxpm2ne0jflzr2hy9j5has6u2dvfv68calunqy,,4988415157.0,,,4744433641.0,74273271492.0,,,15809132022.0,,,,,,,99815252312.0
69,bostrom16macu2qtc0jmqc7txvf0wkz84cycsx728ah0xc,,,,,,,,,,16103705.0,,55778469820.0,,42201602776.0,,97996176301.0
70,bostrom18naxcfp2s397a2ucav2m53f003uylk3qz9fvr7,,4142711286.0,,,15259397818.0,19980209562.0,,,26399274499.0,26611568430.0,658690702.0,2462577501.0,,,,95514429798.0
71,bostrom17z2fywzrdld7qmwzpsq0atxfwcns8rp833rgxy,,,,,,,,,,,,,,95223358775.0,,95223358775.0
72,bostrom1tu0e0ggvjtv4gvzcranjnrykac0umnf8y8fm0r,,,,,,,,,,,,,,92010985676.0,,92010985676.0
73,bostrom1sltcfypwms38jjj3g38rg7ldx3e6uqrzrnkf9y,,,,,,,,,,,,,,91965450766.0,,91965450766.0
74,bostrom1en69twaxmv7xupy8lq7y539dpecx7yz8g0k8ft,,3870252487.0,,,18669971823.0,35149508757.0,,,24919735783.0,5528676770.0,,301861873.0,,,,88440007493.0
75,bostrom12xsg4qm4k5z48s79zdsz84jlhv56kmta3vyfvl,,,,,,74772629353.0,,,,,,,,,,74772629353.0
76,bostrom1f7nx65pmayfenpfwzwaamwas4ygmvalq2q2ayq,,2895940703.0,,,47095487433.0,2952355930.0,,,20394243142.0,,,,,,,73338027208.0
77,bostrom1daxxqs56f6j5qxxtjrjkexghsmnaj66tejshc8,,3760032860.0,,,45885621564.0,,,,23275608448.0,,,,,,,72921262872.0
78,bostrom152m9xcx0ht7yxr5834ju7qjcyvetw8amd04apw,,4504119534.0,,,26069696989.0,,,,15467407648.0,25296563469.0,,,,,,71337787640.0
79,bostrom1lnkg57t7mvg5mcl7kdkevtgr9wlf6f9qtp86sk,,1188688448.0,,,4338666110.0,50221478847.0,,,14835497059.0,322859641.0,,,,,,70907190105.0
80,bostrom1my32szlwazg9x56xqvsvtp0hqvpzm0r4u3k4ae,,,,,,70179119586.0,,,92845309.0,,,,,,,70271964895.0
81,bostrom1g0ap9fvex93yzzj69uzl74942vjvq8e4f8xtyr,,,,,,67992083477.0,,,,,,,,,,67992083477.0
82,bostrom16zms8r32vad3z8hl2vc6wrcnanwmxf0dgh25yp,,,,,,67229160818.0,,,,,,,,,,67229160818.0
83,bostrom18z9vsjffvggluxcxfqwsmrz02v37hx2e3auyn2,,,,,,57929970902.0,,,5741693919.0,,,,,,,63671664821.0
84,bostrom1d3zlsrjyl3tzp3aly7vjduhrtrtvkvkeaqpdku,,,,,,63422106566.0,,,,,,,,,,63422106566.0
85,bostrom1stfw0z5nf2ncxxtrk7zndpf2dla3nh379egwcy,,,,,11914393376.0,,,,11189940762.0,36938756433.0,,1635757102.0,,,,61678847673.0
86,bostrom18jwk949jqgq3j2du2dgscqxqkkqw5rsjfuucf3,,,,,,61558395847.0,,,,,,,,,,61558395847.0
87,bostrom13fwhvawke6867s6raqux25fd24t89j5h8wf2v0,,,,,,60883067675.0,,,,,,,,,,60883067675.0
88,bostrom1lpfs6xv765u4yxr8rlyn5ux0g2a8tyt90hsnas,,,,,,,,,,,,,,59256843788.0,,59256843788.0
89,bostrom147rnn0rxqkythj4j9ccq0kytmh7f005rn0a3zj,,,,,11199572491.0,,,,13133148758.0,30186983650.0,,792143948.0,,,,55311848847.0
90,bostrom1njsr8tngxtygsc73mrtn5738ztkzqy7c7y7h3t,,3209803615.0,,,15230667266.0,,,,17888573509.0,,,,,14737589328.0,,51066633718.0
91,bostrom1argjwgcplguenq4l92ggn06wadnfrz0ecqrmqs,,5612582845.0,,,20472680990.0,,,,24506572852.0,,,,,,,50591836687.0
92,bostrom1smqr5tp684g07aekcn0w852wqlme5mn6dmsny3,,,,,,,,,,,,,,47098839942.0,,47098839942.0
93,bostrom1dl5df5g2xwj02e93k547etw2ergvc3a20v5ekz,,,,,,46480474242.0,,,,,,,,,,46480474242.0
94,bostrom1eqkdzfcjnu20ywju35rf3nutxzjxjaqnxqfyyz,,,,,,,,,,,,,,44081312892.0,,44081312892.0
95,bostrom1ldjugf3uj2gwkmmsf5japfknf96zv6hw7xw7v4,,,,,102675.0,40841467077.0,,,2388287319.0,,,,,,,43229857071.0
96,bostrom1waac73cpffx7suhpkvnn8w0a8s2cgzn66x2aka,,,,,,,,,,,,,,42415701749.0,,42415701749.0
97,bostrom13ume6mqte5h9ngx2hh6ngc8aham7x0k6stuvkm,,,,,,41813199988.0,,,,,,,,,,41813199988.0
98,bostrom1y9zkl7uqjev899swng4eqfuurwaxpchwppewyc,,,,,,40330418998.0,,,,,,,,,,40330418998.0
99,bostrom14d92r4svhl4qa3g6q48tjekarw2kt67ngqn4lr,,,,,,,,40000000000.0,,,,,,,,40000000000.0
100,bostrom19ys53t55r725j882gjcrnf7s449gdrds3h2hu4,,,,,,36908973741.0,,,,1274549312.0,,70470760.0,,,,38253993813.0
101,bostrom16lf2hvzy4n4gvtx37pgkkdw2e2psfjjdpej53p,,,,,,37988147654.0,,,,,,,,,,37988147654.0
102,bostrom1fapqgamx3c8za8d3z56sydjtjygyu0ly752j8g,,,,,,,,,,,,,,37850807372.0,,37850807372.0
103,bostrom1v5jqg6k7mszmchhz8kyfml5h4e2txct9jz3am4,,,,,,37418729590.0,,,,,,,,,,37418729590.0
104,bostrom1x7wp0u877dkw7m84jv54c9g6zpd5r8t2nm47gn,,,,,,,,,,,,33812731064.0,,,,33812731064.0
105,bostrom1w4548vrnvc7t9j2ly55nvkjvhwqt9thnfcvuw6,,,,,,,,,,,,,,33395512349.0,,33395512349.0
106,bostrom1ccvpcq9ffy0qd2ca8nmmpzfamtyjfc9znwak8m,,3477642735.0,,,19689711316.0,,,,9472498458.0,,,,,,,32639852509.0
107,bostrom133t8m00w7llsslnf05zdhehharntly8dqzpfs8,,,,,,,,,,,,,,31992273571.0,,31992273571.0
108,bostrom1kgq82m6z2jttytv7fvwy2rklhq5k03gc2h9sej,,,,,,30494554808.0,,,,,,,,,,30494554808.0
109,bostrom1smtmk8fe3qhlwj3h7nynl6p42946qydzvgj9va,,,,,,,,,,,,,,29390986364.0,,29390986364.0
110,bostrom1hvk6s053m6qdlz9kwllgldwf4qp2c3mrlh9s2q,,,,,,29370149824.0,,,,,,,,,,29370149824.0
111,bostrom152kqs8p7d3jy6kn4uk87ve3alkuqjgewt3cmvz,,,,,,24799790071.0,,,4121615983.0,,,,,,,28921406054.0
112,bostrom1gss7y04dky2fykck4dyp0pe39wxawlxm2l0yj2,,,,,,,,,,,,28704261935.0,,,,28704261935.0
113,bostrom1ch6nukdgj55c9sk4h5t8spzhahuuvn86gqvarm,,,,,,27485323135.0,,,,,,,,,,27485323135.0
114,bostrom1rqudjcrdwqedffxufmqgsleuguhm7pkaq0alce,,,,,,27363284437.0,,,,,,,,,,27363284437.0
115,bostrom1qgqkc9t3pfsp6yxjwds70e4r9y0p6resmfnymc,,,,,,26376882296.0,,,,,,,,,,26376882296.0
116,bostrom12kd8w45rqxuwpwqvpmdyvvdey9ezeqhav4nn85,,,,,,26208333897.0,,,,,,,,,,26208333897.0
117,bostrom16yf94eecl6h44l5w7zp75skh3rg0k4veavx762,,,15000000000.0,,,,,,,10185396846.0,,,,,,25185396846.0
118,bostrom1dn09uyhwmv3ratntc7c603vczgrec32c2fylpj,,,,,,24175157388.0,,,,,,,,,,24175157388.0
119,bostrom1qezgmksavgdvcvf9ckhazfy3jfw8whhzfrvtlz,,,,,,21979059507.0,,,,,,,,,,21979059507.0
120,bostrom1d552nfgekkugdgxw3zl242qpxapl67jfkz76tp,,,,,,21555502893.0,,,,,,,,,,21555502893.0
121,bostrom1cerh237zd5rdexptjw8ryhwdf2tc9eupz7sfn0,,,,,,,,,,,,20918517127.0,,,,20918517127.0
122,bostrom10vpygn9ftv85ra7j7qpewuq5jdgvpjmehlds0g,,,,,,20335729382.0,,,,,,,,,,20335729382.0
123,bostrom1teuan269feyw4ax94jfp4pcgrhqnn28gxxz8mw,,,,,,,,,,1178320.0,,,20000000000.0,,200000000.0,20201178320.0
124,bostrom1d9en5u0cfaucavx848qeq4k6ywqd3z5d5a778h,,,,,,,,,,,,,20000000000.0,,,20000000000.0
125,bostrom1gcy4f6f2sc73aegd9r68rt2q6teekl6swjva3p,,,,,,,,,,,,,20000000000.0,,,20000000000.0
126,bostrom1edwwsevuywe3sx82sustvyx3f3cvjt44ugccgy,,,,,,,,,,,,,20000000000.0,,,20000000000.0
127,bostrom1z8fyzv3mjfccvrxhckr2u3lnc0hrgrlm4zkf8c,,,,,,,,,,,,,20000000000.0,,,20000000000.0
128,bostrom1tcnlvf6qhlc3x7ax2vk3vzhxhf8wy8xrnjl72d,,,,,,,,,,,,,20000000000.0,,,20000000000.0
129,bostrom17ud38eyfkd800kvw3c9kl3zpvgvj296nfszelr,,,,,,,,,,,,,20000000000.0,,,20000000000.0
130,bostrom19rtverjn8kw7dzwzch2elktxgcmak6dlqugxfw,,,,,,,,,,,,,20000000000.0,,,20000000000.0
131,bostrom1d6nkeqxmme3564wd889kr6cjed3asxqzjve0wl,,,,,,,,,,,,,20000000000.0,,,20000000000.0
132,bostrom1djdfq5mn3dzm9whpznczxz77s8ep2qggc5w5xn,,,,,,,,,,,,,20000000000.0,,,20000000000.0
133,bostrom18t3kx877vyvstcvn50cgn5w6hppe8ce0pq72m2,,,,,,18546327724.0,,,,,,,,,,18546327724.0
134,bostrom1csf3up94qheqz88fvvlwjl7vc5sdymarktrvpw,,,,,,,,,,,,,,18442151620.0,,18442151620.0
135,bostrom1kfqv2fzzu6dgwnf6snql2jslwdws07fl2gz37u,,,,,,17879700159.0,,,,,,,,,,17879700159.0
136,bostrom1ggayl03vvv763az6eez66jzwuunyqkcusk8fwj,,,,,,17754934798.0,,,,,,,,,,17754934798.0
137,bostrom1fjeq0urgk4x0s6pl2p2fes8c95426amp7lv4dv,,,,,,17601345097.0,,,,,,,,,,17601345097.0
138,bostrom1tr3eyy9l480pxjk0ygudwpfus7j8pgdljn09jm,,,,,,,,,,,,,,17537519175.0,,17537519175.0
139,bostrom16ahkkv0jzhtp73z83qlhqrypss6jpjm8eekpwv,,,,,,,,,,,,,,17375703563.0,,17375703563.0
140,bostrom1jgh7ghrcr47tuahawzvg3svv2hxkxfx5u9lzr2,,,,,,17333444802.0,,,,,,,,,,17333444802.0
141,bostrom1htq7u8gy9muv4fk6st04524tdzy8rv04528gys,,,,,,,,,,,,,,16744189104.0,,16744189104.0
142,bostrom1402rpwdquxxkgvl740f6w69l65eau5vkqcvrax,,5177873080.0,,,7159491819.0,,,,3246938813.0,,949629027.0,,,,,16533932739.0
143,bostrom1kk9clwd4eva7ww95gn4rw3xzuwfs0983sl5cwt,,,,,,,,,,,,,,16191669541.0,,16191669541.0
144,bostrom1mnfalar08dsvtwutmh43lnhx2zzmq7xhdulemj,,650057544.0,,,6402703804.0,,,,8540100989.0,,,,,,,15592862337.0
145,bostrom1s2a7rckcky6jmhncxwy0xtwf2ymg87puk6jpzz,,,,,,,,,,2752947960.0,218362161.0,2774105228.0,,9246030793.0,,14991446142.0
146,bostrom1fz799u9jc0umceng3nkjt0njxy6y3550uq06jn,,,,,,,,,,,,14973655085.0,,,,14973655085.0
147,bostrom1k7cl9ya9qq30c7m4rvg3823hrc8k80eetqvhj8,,,,,,,,,,,,,,14797976623.0,,14797976623.0
148,bostrom16d69u47km5vqdvf6fr8qyhktlacgka7fdvazr8,,,,,,,,,,,,,,14751375909.0,,14751375909.0
149,bostrom16h7tyj5p69t3r7qasunf938cx2elp38fhqc7zr,,1768330300.0,,,2062295417.0,,,,10620434968.0,,,,,,,14451060685.0
150,bostrom19y467lyhqlpa52y6snq9cxw47xhwq0th3p05r0,,,,,,14256149914.0,,,,,,,,,,14256149914.0
151,bostrom16ge9uqpqf78jdt0uz58ycalhtg59w77qm9t7d2,,,,,,14222312706.0,,,,,,,,,,14222312706.0
152,bostrom1lljcf37yxh24l3v4kwqsyghwz4ywlg6urg4kte,,,,,,11645695552.0,,,1970857840.0,,,,,,,13616553392.0
153,bostrom1cjyv02cja896rr5y5lks79enk2nretn3mqyc69,,975436233.0,,,2147705260.0,1417622893.0,,,8731817017.0,175176885.0,,,,,,13447758288.0
154,bostrom1463la66ac89tmlwgvx20c4d2jv84ekzs8kzh87,,,,,,13368713572.0,,,,,,,,,,13368713572.0
155,bostrom1zeg2k7kd8qadmwd3kslwmag3erq7hqxt5aajjz,,1865461494.0,,,5135290206.0,,,,6162279773.0,,,,,,,13163031473.0
156,bostrom1wzqyjejz5px38vgqsegafrcexl3963q9dsgqh9,,,,,,,,,,,,13098969682.0,,,,13098969682.0
157,bostrom164k2s2s2td6a30d3rvnv93scy3v29psw4j3ndm,,,,,,12701785716.0,,,,,,,,,,12701785716.0
158,bostrom1mnqlcc7mslzxcf798acp80u2fxudsuzdn0px6s,,3631810247.0,,,5378290695.0,,,,3666902099.0,,,,,,,12677003041.0
159,bostrom1rya5547x4lrwc2npd63s89ny2dvhamv9dfx9x9,,,,,,12090950492.0,,,,,,,,,,12090950492.0
160,bostrom18wn5kyxewwk6qh97493xtj9gufpmqserfahc37,,,,,,12063356572.0,,,,,,,,,,12063356572.0
161,bostrom1ke6pp2kq2wx74tlh5fxqgp7af6jtsna3kktuh6,,4018939291.0,,,4104967246.0,,,,3851891784.0,,,,,,,11975798321.0
162,bostrom1kf0d64nuwsf2zeul5wkx78fsznplnlpsfh7fqw,,,,,,,,,,,,,,11673069511.0,,11673069511.0
163,bostrom1evz2xfd6sam0kzz5qc5lje4s90vcgyyrzz47pm,,,,,,,,,,,,11323309556.0,,,,11323309556.0
164,bostrom1fpl40sref5vp8kfm7xkqlq5qc0v4xrjvk89kwa,,4982262138.0,,,53188072.0,,,,6083030821.0,,,,,,,11118481031.0
165,bostrom1d7n8znqg635yxnzlsycnt6kut8z5du5yftutrf,,,,,,10958899451.0,,,,,,,,,,10958899451.0
166,bostrom1nywu6z26tpcrr2kcqe8z7t235wrfkhfcfhlzmk,,3688752206.0,,,4106198982.0,,,,3137937218.0,,,,,,,10932888406.0
167,bostrom1mzmzlzk4xpm6zy68c43e6hen98w07yhfedumgg,,,,,,,,,,,,10780033350.0,,,,10780033350.0
168,bostrom1nvr4qa7szsd3e7xfysn946gcqv5wyemlcxmxpw,,2222757245.0,,,5133236390.0,,,,3297924061.0,,,,,,,10653917696.0
169,bostrom1wt9h9wm3zf7yzsy68x7v8p973w02kw8yyurh55,,,,,2760107758.0,,,,7777346692.0,,,,,,,10537454450.0
170,bostrom143x4d5wx50204zyreqg8ekgq3n3fcaxucacztp,,,,,,,,,,,9826875134.0,,,,,9826875134.0
171,bostrom16pdckvu70ufzvm8avd9anga6k35nu7axym02wp,,,,,,9792986284.0,,,,,,,,,,9792986284.0
172,bostrom1udal5nr3lz7mg7j7k79se4rz0tsjj8lur45q99,,,,,,,,,,2666930610.0,,7057738490.0,,,,9724669100.0
173,bostrom1ucl2c39dpwqm9pp6cvmlazn2tkwavszhs27j96,,,,,2575695017.0,,,,7109962804.0,5891599.0,,,,,,9691549420.0
174,bostrom1y83nga220nfjt9zz0mmqc90cd705az95n5cfwj,,,,,,,,,,,9608859331.0,,,,,9608859331.0
175,bostrom18ghjkwygsvjcsh20tc5zzhfttxxuex7a9lq8ps,,,,,,,,,,,,,,9561458741.0,,9561458741.0
176,bostrom18txzlmkqf264a2awhey6lmeq0dtv5ex69d2fcy,,,,,,9333557553.0,,,,,,,,,,9333557553.0
177,bostrom1pswgrf5ap0kld3lpun5z4x08wh7nmgamd8mgex,,,,,3282151788.0,,,,5358993270.0,,,,,,,8641145058.0
178,bostrom1a4mzr2y2g0cc9f0uhyeh3ftmsfxzqwxfdqtd7c,,,,,,,,,,119010306.0,972470487.0,,6001189000.0,,,7092669793.0
179,bostrom1mmtt0cnsgwx3t90vs4tn9k08kw8xn4v3pggfu7,,,,,,6701991111.0,,,,,,,,,,6701991111.0
180,bostrom1mryr27k3h8kqr5ahj82v0ym2xexdewfc9rmng8,,,,,,6310270182.0,,,,,,,,,,6310270182.0
181,bostrom1gg73t0eyrkqf953waqxh6uqah62p46jyg82ulr,,,,,,5787292447.0,,,,,,,,,,5787292447.0
182,bostrom184dur4s6pldvhvcyputu6yshsm09s6wmvylt8k,,,,,,,,,,,,5728639830.0,,,,5728639830.0
183,bostrom1g2d9xyuf7ddgaj4llxvg50pfhlsr9ehf2r8dr6,,4818065010.0,,,154956147.0,,,,716488373.0,,,,,,,5689509530.0
184,bostrom19vgwu99fdawejnedgsfx8dmxuc0z4emjf7a044,,,,,,,,,5014404214.0,,,,,,,5014404214.0
185,bostrom1gxyf6tsjamnavmkfk43mwfzwscn4tgfkz8k85n,,,5000000000.0,,,,,,,,,,,,,5000000000.0
186,bostrom15n3t80p7eseld809f7fu3s9tlcezlymkfeu59n,,4294256393.0,,,,,,,,,,,,,,4294256393.0
187,bostrom1s6v5ragv9gg3sq7j3aeqtyy82uaxv3y05hzhh8,,,,,,,,,4273801138.0,,,,,,,4273801138.0
188,bostrom1jx0az02ccnt4mgj2r9vhvycsdjsztrrgdkwzr3,,,,,,4220671315.0,,,,,,,,,,4220671315.0
189,bostrom1pjvkddp4fmx8ym5j7s7su8kn3zuqj255djzpja,,,,,,,,,,22780851.0,,,4000000000.0,,,4022780851.0
190,bostrom1mlqakhlxplhlezk80lph99wcy377j9dk2qx3gg,,,,,,,,,,,,,4000000000.0,,,4000000000.0
191,bostrom1nuc82t22xgp09rs2tdnlxxgm95pjg5matjwwye,,,,,5497646.0,,,,3567926892.0,,,,,,,3573424538.0
192,bostrom1r90j4656xsug2hkj57a3knqcs9huh3ea88ykhp,,,,,,3475567070.0,,,,,,,,,,3475567070.0
193,bostrom1w4tk9lj8qtx2x4xf4emgrnq950hnlajsxlnl3u,,3420409835.0,,,,,,,,,,,,,,3420409835.0
194,bostrom1s8l0akn79kk74g32kf86stfsa08ck9qmm4v6ws,,3409436625.0,,,,,,,,,,,,,,3409436625.0
195,bostrom10aqelwndkz9k8uawp26elxep64ayc5rgn24h7p,,3389782351.0,,,,,,,,,,,,,,3389782351.0
196,bostrom1ap7zhu5gxlk7n3g97dqehm9nnt3mje3nr5jecs,,3368708754.0,,,,,,,,,,,,,,3368708754.0
197,bostrom1j6he98h8xwnt2yp9eczhhuff3k3hvk98gr27ee,,3326309936.0,,,,,,,,,,,,,,3326309936.0
198,bostrom1mskldfjlnup46adzss7lukfh3emm6z4lmqhk7z,,3275155354.0,,,,,,,,,,,,,,3275155354.0
199,bostrom12ysvrknuwdr6737fnc06v875whfh52xj3ewaf2,,2961579452.0,,,,,,,,,,,,,,2961579452.0
200,bostrom10trdf5eyfcmc9graltx4hmpgznhrm7hdz82k2n,,2941697143.0,,,,,,,,,,,,,,2941697143.0
201,bostrom1zl0t5703q42qx7drxsgl9thjwlul5x6unjhwgn,,,,,,2742969308.0,,,,,,,,,,2742969308.0
202,bostrom1hyjhy0tp6geral2g9vj9nyteglf8t5q42gfq3j,,,,,,,,,,3927733.0,2184963106.0,,200000000.0,,,2388890839.0
203,bostrom1jz57cgfr248y9w6sn76l7pugjkr6e7zh6y2grp,,,,,,,,,,,,,200000000.0,2178739020.0,,2378739020.0
204,bostrom15gk8edxtvvp372flljk884fav55y8ehwru4u8w,,,,,,,,,,,,,,2279889403.0,,2279889403.0
205,bostrom1d8mq46wt2yxsgwrmh6hhfgycl0537w8gggn47f,,,,,,,,,,,2182283065.0,,,,,2182283065.0
206,bostrom1wm4026rxqcrkh09k806m6y4lys942etx5cjz9z,,2128629825.0,,,,,,,,,,,,,,2128629825.0
207,bostrom13q0m4hw6pmajqdqn4g464vzmst78sf55ktrp05,,,,,,2064986311.0,,,,,,,,,,2064986311.0
208,bostrom1p0r7uxstcw8ehrwuj4kn8qzzs0yypsjwxgd445,,,,,,,,,,26708583.0,1992130580.0,,,,,2018839163.0
209,bostrom1ssu4wqtzvvmwcukcv7l8zxny647mdx03e0t57j,,,,,,,,,,,,,2001189000.0,,,2001189000.0
210,bostrom12reh000lje8y20wshqmgl8tg70qggt2ac7qz45,,,,,,,,,,,,,2000000000.0,,,2000000000.0
211,bostrom1hmrxmc27fu4ggdpvpxqtahn6uvtj38vuu77a02,,,,,10268322.0,,,,1844228437.0,,,,,,,1854496759.0
212,bostrom1gw5kdey7fs9wdh05w66s0h4s24tjdvtc9v6vpe,,,,,,,,,,43597835.0,,,,1755881840.0,,1799479675.0
213,bostrom1kajt7sxfpnfujm7ptj90654lmwz4sftpc9mp9a,,,,,,,,,,,,,,1743792737.0,,1743792737.0
214,bostrom1y6huw3naar38u4rtgqmlh9smfu93gszst9tawp,,,,,,,,,1688512495.0,,,,,,,1688512495.0
215,bostrom1jdmfxzpnqqlhjsju3mz7qsgvvdparw5acx7t62,,1664373777.0,,,,,,,,,,,,,,1664373777.0
216,bostrom15kdrahda8qcyfa9xe8kt2f737m22x2sleslj5l,,,,,3552879.0,,,,1628053769.0,,,,,,,1631606648.0
217,bostrom1uwfk6h06w8vnhmyp48vwcpgwncsec8yv3z0xyg,,,,,8204799.0,,,,1494510816.0,,,,,,,1502715615.0
218,bostrom1smsn8u0h5tlvt3jazf78nnrv54aspged9h2nl9,,1454337644.0,,,,,,,,,,,,,,1454337644.0
219,bostrom15kl5tv0smz5h8eewu5hs9mtnusz4dereyqxxtw,,1408569410.0,,,,,,,,,,,,,,1408569410.0
220,bostrom1uew6fawa3ahu60tj5kspmr4u0zvljj69q4s3ps,,1380580057.0,,,,,,,,,,,,,,1380580057.0
221,bostrom16qu2ymnzzjn05xc6yszjy50caaahcahdvmex5e,,,,,,1362390306.0,,,,,,,,,,1362390306.0
222,bostrom1ezpth4mp3eeqdt49kgqd5ctr69xev6v2gykpur,,1351419074.0,,,,,,,,,,,,,,1351419074.0
223,bostrom1avvkajdvmj9d8jpl0ga4scftjykeuhjpsa9kf5,,1334996609.0,,,,,,,,,,,,,,1334996609.0
224,bostrom1gd9r9uhd8a5k2naudq4hua3vf3lkwhfrm63qhq,,1301510822.0,,,,,,,,,,,,,,1301510822.0
225,bostrom1vrym7t34gs9t2dkd8z849zcymkj54kgq7pdf8z,,1231063676.0,,,,,,,,,,,,,,1231063676.0
226,bostrom1lk3yjcn0lvwj9f2dj75m8y3smpq5s5zsnnj3nz,,1202315516.0,,,,,,,,,,,,,,1202315516.0
227,bostrom1hqeqy4s039q0qcpayqcyaq5hyyvmph97t79m9n,,,,,,,,,1190379955.0,,,,,,,1190379955.0
228,bostrom1mj0sj4eaar5qnjn3l05ep5wgq3l6agtvvqwvyk,,,,,,,,,,226237413.0,,951997050.0,,,,1178234463.0
229,bostrom1hk49ws6ded79xmwehv7yrw3q6mfj7kulafxqhr,,1108262797.0,,,,,,,,,,,,,,1108262797.0
230,bostrom1t575qeee3qgshuf964qal057z77vljqef9tlck,,,,,,,,,,,,,,1099995800.0,,1099995800.0
231,bostrom1n55zyf6wlvh8jp4wxqgx4ta283jx0e2n2tutgm,,,,,,,,,,984682627.0,,114773762.0,,,,1099456389.0
232,bostrom1vx9qctuxswd6ydcv4z5pcuuvct7y9l0nqq799x,,1083041319.0,,,,,,,,,,,,,,1083041319.0
233,bostrom105zy26ze9gean4qukqlvhkv4mtcndc9t2xaydz,,,,,,,,,,,,,,1006206924.0,,1006206924.0
234,bostrom180upuj8yp0326px2uys9r60xrlhpsa6fwryf80,,,,1000000000.0,,,,,,,,,,,,1000000000.0
235,bostrom178nsekn4qcdkqqmv95qlmp68kaqpga3zpsdnf4,,,,1000000000.0,,,,,,,,,,,,1000000000.0
236,bostrom1fn4ep44ud3edyh304ta38f55xd6pxswsw9e23z,,,,1000000000.0,,,,,,,,,,,,1000000000.0
237,bostrom143dfs4ur5gjvwgx8l54jjz27rq57us0zz3hqj0,,,,1000000000.0,,,,,,,,,,,,1000000000.0
238,bostrom19trgcp8uldtc5xtnpf0u7x7dk3t3jcp4y7cusm,,,,1000000000.0,,,,,,,,,,,,1000000000.0
239,bostrom13uz23f4stcg8esqvvc7d2w9psxv0dya5xaq5ne,,,,1000000000.0,,,,,,,,,,,,1000000000.0
240,bostrom1duc9gthaeg82lx9pdf642g043xqhgxgxmfvwsz,,,,,,,,,,1178320.0,993141688.0,,,,,994320008.0
241,bostrom14h099ukgvp4fm9qs0xnmljzhevrmneq6m6cltv,,,,,,,,,978084362.0,,,,,,,978084362.0
242,bostrom1a30w6j4m6g3s2c6zt02z56xynnuaqmn3ahwxuq,,,,,,,,,,,,,,774688373.0,200000000.0,974688373.0
243,bostrom1xpl2sx64ra5san4su0r0hj8z9eh5cf5dcv48qa,,,,,,,,,,,970654649.0,,,,,970654649.0
244,bostrom1hem3076xmat8ttr0cg0nnn2lghtc2p7xtzpj8s,,,,,,,,,,,951329198.0,,,,,951329198.0
245,bostrom1xhk0s2ynz2sq3ak3lr4u5gg0da4vyaxkfjhg7l,,,,,,,,,924447759.0,,,,,,,924447759.0
246,bostrom1ydc5fy9fjdygvgw36u49yj39fr67pd9mv67ety,,894267502.0,,,,,,,,,,,,,,894267502.0
247,bostrom1wkjn2nc4v5g3tpjj043wxtmeda90ql3yqqddav,,814730401.0,,,,,,,,,,,,,,814730401.0
248,bostrom1gh09lmm8flkuu3w38mr4axvunnu6qqlapuwzrv,,760249650.0,,,,,,,,,,,,,,760249650.0
249,bostrom1pmaltcu0x97x8j5klc8xluaapkzcvztcn2vkmw,,,,,,,,,,2356640.0,,,,734384390.0,,736741030.0
250,bostrom1sm9sq4wnn62tk5yz0x3fvvx2ea9efguqwvdu64,,,,,,,,,,128044091.0,,594091324.0,,,,722135415.0
251,bostrom1n3mhyp9fvcmuu8l0q8qvjy07x0rql8q4uwev5z,,,,,,,,,,,,,,704276829.0,,704276829.0
252,bostrom1m0tjgkrh4td9fcp8nnssu3rfdahzfgdshsall9,,682238027.0,,,,,,,,,,,,,,682238027.0
253,bostrom1u3ap2d4ytcqrr6jlsjf380g3lvgldq4m64s7dg,,,,,,,,,,2356640.0,,,,673130864.0,,675487504.0
254,bostrom1keny4peq77drtcdj6fscd9eknqcqyjmxqcr8t8,,,,,,,,,,,,,,647527281.0,,647527281.0
255,bostrom1gyhwacrpqwues05pkavw7xwehcqsmgruy34zps,,,,,,,,,,,,564067516.0,,,,564067516.0
256,bostrom16w2xwdzf6tzucpwcjjqtg9656a4kkv7g2f6vk9,,,,,205345882.0,,,,252779909.0,,,,,,,458125791.0
257,bostrom1ypzhtfsyuejekw0w0z207wyedqm3xqafc8nu7g,,,,,,,,,,,,,200000000.0,,200000000.0,400000000.0
258,bostrom1rc2647d9nftgwwh9n5vaw26lnjdrewc4dum68g,,,,,,,,,,,,,200000000.0,,200000000.0,400000000.0
259,bostrom18ghdg8y5hx6esxm6ndw3ywgtalvkmz48zeyc6z,,,,,,,,,,,,,200000000.0,,200000000.0,400000000.0
260,bostrom1nsffk0nt927vn7pdsk8epzjeqch3yfzkzq57pl,,,,,,,,,,,,,200000000.0,,200000000.0,400000000.0
261,bostrom1nqxwnut0hdgsn3l9zaladaft5xt9c6ex9qquza,,,,,,,,,,,,,200000000.0,,200000000.0,400000000.0
262,bostrom19lsruwa85k93ahzkdwaydyrl6ehz9dmmkava0y,,,,,,,,,,,,,200000000.0,,200000000.0,400000000.0
263,bostrom1pt3a6xk432vs8lp0z6ya3qhqhxks99xe4sxxqq,,,,,,,,,,,,,200000000.0,,200000000.0,400000000.0
264,bostrom10a9mqy8cu04nyz3nj934ck39p6u9ddjt9y5fve,,,,,,,,,,,,,200000000.0,,200000000.0,400000000.0
265,bostrom1e4cnw86pl73k2sfv7uwauflfl42qzncn4akyv7,,,,,,,,,,,,,200000000.0,,200000000.0,400000000.0
266,bostrom19wlc6vms3qkuy48wgg2dl06veahgxl47s8859j,,,,,,,,,,,,,200000000.0,,200000000.0,400000000.0
267,bostrom1ysn8jyjv464fv4wpt40vezh7d5tw05tc9v858t,,,,,,,,,,,,,200000000.0,,200000000.0,400000000.0
268,bostrom1gfkztltd789py02jcd79dnkl252uej7x8pnx4p,,,,,,,,,,,,,200000000.0,,200000000.0,400000000.0
269,bostrom14thj9udwenk5q8c5ey2urude2j54xud2a26rp3,,,,,,,,,,,,,200000000.0,,200000000.0,400000000.0
270,bostrom1fzkp5pux48ux72wsgls9lhxp5cq2tqsy32hfec,,,,,,,,,,,,,200000000.0,,200000000.0,400000000.0
271,bostrom1hmdjgtv3yq4qzyuk3ynyt42sjntma8hqarepjd,,,,,,,,,,,,,200000000.0,,200000000.0,400000000.0
272,bostrom17jq8ev7n4e3zv8zdek5mccvxcgxxtkwva5vwtx,,,,,,,,,,,,,200000000.0,,200000000.0,400000000.0
273,bostrom1u2s32xsws9y2sskz6zvn7lawepdqxad5dcsyy6,,,,,,,,,,10212105.0,,320482915.0,,,,330695020.0
274,bostrom14z6glatrayal5j53632kcefskyge6ujmgshqfv,,,,,,,,,327466267.0,,,,,,,327466267.0
275,bostrom1glgevt43557u6s7a2q9q40kzt8myw4ngcv6wr6,,,,,,,,,,309112576.0,,,,,,309112576.0
276,bostrom1g36u05ehktgw5h5udj8hyudd9057d9tx9r6zef,,303617054.0,,,,,,,,,,,,,,303617054.0
277,bostrom14n625exc6ftee3t6tez3hj47lv49amjzan5pkr,,,,,,,,,236797768.0,,,,,,,236797768.0
278,bostrom1z8mlsd42eaguaqf5gexy5a7jxgpwpgvz99qzft,,,,,,,,,,,218609970.0,,,,,218609970.0
279,bostrom1v2n3hg6s4resacgpemfyrd5hul2ntk7tftnk6u,,,,,,,,,,,218382779.0,,,,,218382779.0
280,bostrom1ufpz4dlnfawg0pr5dcq4hkrf9gs30mu0272p9w,,,,,,,,,,,218341548.0,,,,,218341548.0
281,bostrom1mkhugmqg9c0qe27stz3m4my9xq7e9pct0jyr3p,,,,,,,,,,,218115192.0,,,,,218115192.0
282,bostrom1yvlp9gzqaufwz02swp5wqsqhlmfcrcl8m22gzm,,,,,,,,,,785547.0,,,200000000.0,,,200785547.0
283,bostrom1s05hsv6fxhkpclwxzgnlfjjk7qdm78nmpchj08,,,,,,,,,,,,,200000000.0,,,200000000.0
284,bostrom1qsm0ujra4vdwymc5vrtey2rvalyq8392h75nr4,,,,,,,,,,,,,200000000.0,,,200000000.0
285,bostrom130avjyegx7glgnqvraetqj6ztacrqv9kdwawkj,,,,,,,,,,,,,200000000.0,,,200000000.0
286,bostrom1e08w7wrjn05gl06xkwnlfmud5f6trdkrf0drg5,,,,,,,,,,,,,200000000.0,,,200000000.0
287,bostrom1pzp9nadejsjzfkpfl9k7ktu2cfhprw4r7qvd5p,,,,,,,,,,,,,200000000.0,,,200000000.0
288,bostrom176q2gvutyk63dzknylcvdhp6lyjwu5w9fdmmev,,,,,,,,,,,,,200000000.0,,,200000000.0
289,bostrom104rtaftr9xmx6dcakempk590tfxx4ytddqcj97,,,,,,,,,,,,,200000000.0,,,200000000.0
290,bostrom1damlfdlp8yynjvrmv6pd3t33f4currrhe4cm4z,,,,,,,,,,,,,200000000.0,,,200000000.0
291,bostrom1f6tmyjffs0p7f6xeh25esjhawxu2kll9j00a47,,,,,,,,,,,,,200000000.0,,,200000000.0
292,bostrom1jlu5u2sj0afddmcj7lxfy0ng466s8l2qdjz24v,,,,,,,,,,,,,200000000.0,,,200000000.0
293,bostrom105c5jk0xwzlk4pexgaeqkxq0xadtqchc4lmev6,,,,,,,,,,,,,200000000.0,,,200000000.0
294,bostrom185tek8r0ptelug0erducctzc4d83q5np3339k5,,,,,,,,,,,,,200000000.0,,,200000000.0
295,bostrom1s4ytylknecgkp7sp3jgf2f5lj7mm2xxz0f9rl3,,,,,,,,,,,,,200000000.0,,,200000000.0
296,bostrom1z0m5tcv4jde5acv0w4dms537wvntgj7x47zmeu,,,,,,,,,,,,,200000000.0,,,200000000.0
297,bostrom1hjjsjgv7sx88mxfq9y44ql24xs76jj3w7y9ff8,,,,,,,,,,,,,200000000.0,,,200000000.0
298,bostrom16gxdwa79rsvkjaawpcpswthgahm56p4mpu8fe9,,,,,,,,,,,,,200000000.0,,,200000000.0
299,bostrom1y9tvvunr7uaqjjw8u6xn5muypq6pheyz5gygm3,,,,,,,,,,,,,200000000.0,,,200000000.0
300,bostrom1m9x4gg6frezyeqldxdz4dvegxpcytxnapgykwu,,,,,,,,,,,,,200000000.0,,,200000000.0
301,bostrom1p4uyyk8sc2arl4n9egw3xrn9g7rpkzlerf4nlc,,,,,,,,,,,,,200000000.0,,,200000000.0
302,bostrom1pfwja2fu2qcqvdws6rcdr9y6za46dklaxc83fh,,,,,,,,,,,,,200000000.0,,,200000000.0
303,bostrom1r7grd2sazgzsy8y0c8wlsnjyhdc0sq4npr0v4q,,,,,,,,,,,,,200000000.0,,,200000000.0
304,bostrom17kwvcuvar02ldacltr48373rm74z8lfkcq80vj,,,,,,,,,,,,,200000000.0,,,200000000.0
305,bostrom1t5r4uhu0tscqw380t6hqmvrgyhlrj3u43vsm43,,,,,,,,,,,,,200000000.0,,,200000000.0
306,bostrom1evnwfeuqsgkjwe5qwe5acyy6m4w5ch03m3e7a6,,,,,,,,,,,,,200000000.0,,,200000000.0
307,bostrom17vw0qcu9j8t6jhh83sjrzj07nwg9nndfcpw9g0,,,,,,,,,,,,,200000000.0,,,200000000.0
308,bostrom1jgvy2vr96auye3er6n3tkhlu9hnxs6h3a38rpp,,,,,,,,,,,,,200000000.0,,,200000000.0
309,bostrom1undz2328av9agfhaguqs8zxzejv5zqcc9grdmv,,,,,,,,,,,,,200000000.0,,,200000000.0
310,bostrom15a8z9l8ufw8v8zdddfhesnmfzwwhua7axrmfxl,,,,,,,,,,,,,200000000.0,,,200000000.0
311,bostrom1cmhrs08sqv0823mj057svp8jerp6avne6xmtrc,,,,,,,,,,,,,200000000.0,,,200000000.0
312,bostrom1808q4nv5qafkk8ec9h56wwth6sl5a5yd0elve6,,,,,,,,,,,,,200000000.0,,,200000000.0
313,bostrom1kfz37afuxfyajrzk7xv6937xc0jsq4zd0ce7dz,,,,,,,,,,,,,200000000.0,,,200000000.0
314,bostrom1kae5k3nnzs3q7tar4ec3w29w4avd8saqujpjk5,,,,,,,,,,,,,200000000.0,,,200000000.0
315,bostrom1w7f07762zelhx4spzkndmygh2dz58g3nn58v7q,,,,,,,,,,,,,200000000.0,,,200000000.0
316,bostrom1xvsukg4tltfzduw0lsvgqyrhe6rzrlp472ln92,,,,,,,,,,,,,200000000.0,,,200000000.0
317,bostrom189tpr8vg4qvwn7fgs6szkqr25yrammvvlzx0zr,,,,,,,,,,,,,200000000.0,,,200000000.0
318,bostrom1e8dsx8yx9mjn8v8egz2n5vafkymqw98wy4z6re,,,,,,,,,,,,,200000000.0,,,200000000.0
319,bostrom18fudz7p6ah9yvdr4p9aflp8pgzngx84cem5lra,,,,,,,,,,,,,200000000.0,,,200000000.0
320,bostrom13nef2p2g48kmj83m7f0ey76q6p9cdyrn03x4tz,,,,,,,,,,,,,200000000.0,,,200000000.0
321,bostrom1h9zrqgwcjtul3s9qxf0hk0ym9alm44ztywkfyj,,,,,,,,,,,,,200000000.0,,,200000000.0
322,bostrom1zyws7rajm9f3ql6jqqpzvnml0aym9vspd7tjxk,,,,,,,,,,,,,,,200000000.0,200000000.0
323,bostrom1jcj0w0e2khy0asm7dz8883xnepzmaxylwez7j2,,,,,,,,,,,,,,,200000000.0,200000000.0
324,bostrom1ftkw5j528j94cajk4rvqum3k7mhhmpvyc8k7yg,,,,,,,,,,,,,,,200000000.0,200000000.0
325,bostrom1l9yx676futn4h28rxupsvk7evl9s68hrufetdw,,,,,,,,,,,,,,,200000000.0,200000000.0
326,bostrom1knpgev72f2empt8j8gcn24my8kdasy2lcezjea,,,,,,,,,,,,,,,200000000.0,200000000.0
327,bostrom1clr05sms7eklm509ger6jdzhgheafskv4wwxrg,,,,,,,,,,,,,,,200000000.0,200000000.0
328,bostrom186tpdptavhzz7fg83vnm4r2y85cfqyg6sntmun,,,,,,,,,,,,,,,200000000.0,200000000.0
329,bostrom1qc4t2q45f826cfc7k0y45ma8f5qrrfv2nkly33,,,,,,,,,,,,,,,200000000.0,200000000.0
330,bostrom1n0wkta56ktj93nzpe9amkgrzq7rhzt3gy6m8uh,,,,,,,,,,,,,,,200000000.0,200000000.0
331,bostrom1exul86z68fzck5jra7jp8xdwvmfz5p9qyuh8um,,,,,,,,,,,,,,,200000000.0,200000000.0
332,bostrom1melp9r22clnjzzudd0thvs5zzveqfjyl9xfw54,,,,,,,,,,,,,,,200000000.0,200000000.0
333,bostrom1zx70t5xqc8h4kmvrssdc2w82v9ksw0r82a99av,,,,,,,,,,,,,,,200000000.0,200000000.0
334,bostrom17ssaukj47urfj6c8cgywyz9xhgqz3tnpy7n5kv,,,,,,,,,,,,,,,200000000.0,200000000.0
335,bostrom1znt56em2psvx8ylfpplcmpy5esrea08g2psvxm,,,,,,,,,,,,,,,200000000.0,200000000.0
336,bostrom1tz4yrvqlw87e74n783n0da4pttay2ypsfq6668,,,,,,,,,,,,,,,200000000.0,200000000.0
337,bostrom1prrtyfgrw2tzj9kua5eu7tnctt474m36eygux2,,,,,,,,,,,,,,,200000000.0,200000000.0
338,bostrom1pe42d4gkg7smf9na6dvh5twq9hgczsag4elx84,,,,,,,,,,,,,,,200000000.0,200000000.0
339,bostrom1q22fvnhna2zg2g2xm6s5587w8fvsh2zzfeey68,,,,,,,,,,,,,,,200000000.0,200000000.0
340,bostrom1nscf69wvc0wkgqm8ma79qv8cr6j6zq3dt0t898,,,,,,,,,,,,,,,200000000.0,200000000.0
341,bostrom1exv982mrkyfd967xv7fam7lq8h3ce3dvcnd4s3,,,,,,,,,,,,,,,200000000.0,200000000.0
342,bostrom14q65nd2ft893dagpln4fq39wutv2xmpe3kc4w0,,,,,,,,,,,,,,,200000000.0,200000000.0
343,bostrom17llhhwjmglhhqumz72e4jap5cj39r8rwar7zzv,,,,,,,,,,,,,,,200000000.0,200000000.0
344,bostrom15k9z24v0thrxffetjp97493ec89zlz7re07pjj,,,,,,,,,,,,,,,200000000.0,200000000.0
345,bostrom1y795vkzvczrauey63vmvvcjr84l3fjheqd8f38,,,,,,,,,,,,,,,200000000.0,200000000.0
346,bostrom1qf560sekun7kjsu4r0puey5u4fn90025f4q2p2,,,,,,,,,,,,,,,200000000.0,200000000.0
347,bostrom1v9p7ukxpw2yjk7eqm8720vkgqq5qlk7w3jqgzu,,,,,,,,,,,,,,,200000000.0,200000000.0
348,bostrom1a57rc9cnhdn4l843ca4990aqldh5wmq0uuetzg,,,,,,,,,,,,,,,200000000.0,200000000.0
349,bostrom1q2ajajyu0t544tudcnvk7xcznerhylz36p5vtc,,,,,,,,,,,,,,,200000000.0,200000000.0
350,bostrom1ayc0pueqve9a3xjpgwh3p4l6hjlyvfpvclvldm,,,,,,,,,,,,,,,200000000.0,200000000.0
351,bostrom1jmdtfuxag0deeuyxmj4ge2mqhvc200hlmzyztf,,,,,,,,,,,,,,,200000000.0,200000000.0
352,bostrom1k24kf4reet2lstvmkx9a4j0r87xfuqeqh2lprz,,,,,,,,,,,,,,,200000000.0,200000000.0
353,bostrom1pa0lcssmjkkycdvrhhzey5h94v34wuf9u4ths6,,,,,,,,,,,,,,,200000000.0,200000000.0
354,bostrom1sntt4y34tghn45vw97az7mz4vkcw8kgregkph7,,,,,,,,,,,,,,,200000000.0,200000000.0
355,bostrom12w37894jf7rt2ck709rk8xa23lz3lg9tv93tlz,,,,,,,,,,,,,,,200000000.0,200000000.0
356,bostrom13s4egz6pqg6a88dunme3esuee5w7qlkjttcs08,,,,,,,,,,,,,,,200000000.0,200000000.0
357,bostrom1amletsu7926696dpeay8wrewqgww5s7yunjjxr,,,,,,,,,,,,,,,200000000.0,200000000.0
358,bostrom1qkltelhy5zsr4kfrefvwsupxyt6y9skwjpd7h4,,,,,,,,,,,,,,,200000000.0,200000000.0
359,bostrom1nfdyvvjy5hum8gpgmt29d0m5y4te3ekpfyz7pw,,,,,,,,,,,,,,,200000000.0,200000000.0
360,bostrom1hjz37u09vws084cvwjlr5t27wmsrzm9tmfspu5,,,,,,,,,,,,,,,200000000.0,200000000.0
361,bostrom16zykdjnfjdy5cy3phuymmcghh8x24eah2cmmpu,,,,,,,,,,,,,,,200000000.0,200000000.0
362,bostrom15pax03gsgw84lsygpxyyvtthd8fswrqp7wjs7m,,,,,,,,,,,,,,,200000000.0,200000000.0
363,bostrom124ll3q05an955eh26ygn34u5gtm9287arjrgj9,,,,,,,,,,,,,,,200000000.0,200000000.0
364,bostrom1teyn0utv6yhnwux44ycfvqh6z888pvjaz9cz6l,,,,,,,,,,,,,,,200000000.0,200000000.0
365,bostrom10905rstxf5tzj0w6gguaa76ma7s32v48um4w9z,,,,,,,,,,,,,,,200000000.0,200000000.0
366,bostrom1m7y6qezuemqe6n535z7s80ee8zw4zg486vr53u,,,,,,,,,,,,,,,200000000.0,200000000.0
367,bostrom1pkhgpslggp3t0nrwskvgczxmavg7yejfullesx,,,,,,,,,,,,,,,200000000.0,200000000.0
368,bostrom1epcd5upewwa7s20u6kgf9uywa2f7c3yj6zaeg0,,,,,,,,,,,,,200000000.0,,,200000000.0
369,bostrom1pa0rcdua5v9d4vf09ksnnl7t96nfkf3w37k4dc,,,,,,,,,,,,,,,200000000.0,200000000.0
370,bostrom1durjade4he9l23rw38azruzfttpmc8223n6r87,,,,,,,,,,,,,,,200000000.0,200000000.0
371,bostrom16jvmfza0q60umemx2pv8s5kle2h8g9x6jj9fkq,,,,,,,,,,,,,,,200000000.0,200000000.0
372,bostrom1gywad2frusetg26dyh83cfaevacravashyjwg6,,,,,,,,,,,,,,,200000000.0,200000000.0
373,bostrom16kqpk5jg9e5ucxv3e003mf48yuamw4ce5ww4la,,,,,,,,,,,,,,,200000000.0,200000000.0
374,bostrom1zr9urr3m42w7pu5h5xn7rvghcdk5vtrtmfw7wf,,,,,,,,,,,,,,,200000000.0,200000000.0
375,bostrom1jet9jf456dja8vqlhk407l06yvfehwzuvjaynv,,,,,,,,,,,,,,,200000000.0,200000000.0
376,bostrom1q8ajen3vu5v5uu4czkvqasqvw827dz2nqq6d0s,,,,,,,,,,,,,,,200000000.0,200000000.0
377,bostrom12w56mhf4nsfchquw0sgzwn72qkzvfvquxhg6dn,,,,,,,,,,,,,,,200000000.0,200000000.0
378,bostrom10v8qjj6haddx7wmnr65mcsllu8xunkee7zg3z5,,,,,,,,,,,,,,,200000000.0,200000000.0
379,bostrom1hy8dexwz6ynlnnaj8ge7jvmzs4c6qmz6yh97lc,,,,,,,,,,,,,,,200000000.0,200000000.0
380,bostrom1vpp9vy0fnxxw8yk5t2cctutpfv8pprvyhnjw90,,,,,,,,,,,,,,,200000000.0,200000000.0
381,bostrom1w0u83ty3nmflg9846zmh28u0hweccs3fzfpx0f,,,,,,,,,,,,,,,200000000.0,200000000.0
382,bostrom1z6lhk6u25fceqylmgv65t5py0c8kclgkszmqyx,,,,,,,,,,,,,,,200000000.0,200000000.0
383,bostrom1zcf0ph3k4p2q2pl32zqspy5f7jkgxd5s4kcd66,,,,,,,,,,,,,,,200000000.0,200000000.0
384,bostrom1tx6dnqh0nnj05uuell7rhnwhennscehlnjylxv,,,,,,,,,,,,,200000000.0,,,200000000.0
385,bostrom1e0c3ehnfzvcxvwh9fgzyfc2vqshy9w53du7hnv,,,,,,,,,,,,,,,200000000.0,200000000.0
386,bostrom1u4427txgc9pulkuu0wk4v9cjxqa0dxee5az972,,,,,,,,,,,,,200000000.0,,,200000000.0
387,bostrom1uspnj6pvq0u78d8qux8lz6p24dzm998phldqgv,,,,200000000.0,,,,,,,,,,,,200000000.0
388,bostrom1gp5s4tetnk7ng49g58uhn2znfpmgs4cfdq4ns3,,,,200000000.0,,,,,,,,,,,,200000000.0
389,bostrom1j39uxls4clq76ej7mk2tdskvql2tdp2zek8g89,,,,200000000.0,,,,,,,,,,,,200000000.0
390,bostrom1u8yt9tvnwvvvlm36w97nyg27ue797hrvkz6eux,,,,,,,,,,,,,200000000.0,,,200000000.0
391,bostrom14c8rllqzmgyrkt8aeyanprl7g3adrlc2flq57a,,,,200000000.0,,,,,,,,,,,,200000000.0
392,bostrom1jrp04lvvpzkyylr4l7e5xp256l9yd4hdhrpmls,,,,200000000.0,,,,,,,,,,,,200000000.0
393,bostrom1ejkkddkuw63zn557l0lvqq3gmjcra53ealmy2x,,,,200000000.0,,,,,,,,,,,,200000000.0
394,bostrom1ggh3zff5paq5c3r2j34mquq9lrcc7s0nvfnuwz,,,,200000000.0,,,,,,,,,,,,200000000.0
395,bostrom17rg7cldfsqfmv53n6r7qmjmcge7ucxx2hhum0q,,,,200000000.0,,,,,,,,,,,,200000000.0
396,bostrom1gws6ulm3u23txc6p8kv6ew6e2zn45udrwjkdqm,,,,200000000.0,,,,,,,,,,,,200000000.0
397,bostrom1clk49u6rvv8c40udn9qgp0s8hv5uvfcgxqptky,,,,200000000.0,,,,,,,,,,,,200000000.0
398,bostrom1lk7m28npegzy0sz5s06sy95n27yzrj4d3rytdg,,,,200000000.0,,,,,,,,,,,,200000000.0
399,bostrom107v45crxqedhmf4yqa9y98v99wm2078fwtklsq,,,,200000000.0,,,,,,,,,,,,200000000.0
400,bostrom1pv5clfxxfpqvuerquue2vgr2ndgh0h50jx898c,,,,200000000.0,,,,,,,,,,,,200000000.0
401,bostrom134llrhdus60n7853fn3ulmx6uy7evsx3ltzstt,,,,200000000.0,,,,,,,,,,,,200000000.0
402,bostrom1xz2dkqrnrvq0ezc0vxtcvhwy39xr63vxzfedsr,,,,200000000.0,,,,,,,,,,,,200000000.0
403,bostrom1e3je4h3vkxywt2sf7mudelhf6zrx405yfgczkf,,,,200000000.0,,,,,,,,,,,,200000000.0
404,bostrom1jdypscylf6hjlrlva03tx5vqqkcdnllg6rpza7,,,,200000000.0,,,,,,,,,,,,200000000.0
405,bostrom150svyax8m8dwljwenc8xxtsg0avud07m5frlrz,,,,,,,,,,,,,200000000.0,,,200000000.0
406,bostrom14tjwqqyha0c9r0s29dm0n0zdpdc4hfrvn7jqsq,,,,,,,,,,,,,200000000.0,,,200000000.0
407,bostrom1x8r0ktn36dsxsadnp3863txyd9pksrp6awcuaa,,,,,,,,,,,,,200000000.0,,,200000000.0
408,bostrom1tyzmkpn0axquu4jlht3lllsmq03um8kn5cu5pt,,,,,,,,,,,,,200000000.0,,,200000000.0
409,bostrom1f2uslv6udnjwyqkdngc7rswp5vkmgavzgy952g,,,,,,,,,,,,,200000000.0,,,200000000.0
410,bostrom1t7gw3d2jz4qc6k6umgkazvfyeydjv7l6nym265,,,,,,,,,,,,,200000000.0,,,200000000.0
411,bostrom1qcy673rd8a27t48ry6evmv6as7fuetd8cyhnjn,,,,200000000.0,,,,,,,,,,,,200000000.0
412,bostrom12d3klseftxsfs5xmvjju339enk8xcvg5y55qvl,,,,200000000.0,,,,,,,,,,,,200000000.0
413,bostrom1f9nx8jrlx9pvns70edanu37mxtm359k606qyds,,,,200000000.0,,,,,,,,,,,,200000000.0
414,bostrom1t9xfg2kurjlvnw86repcpte3shpgasdjge6a7t,,,,200000000.0,,,,,,,,,,,,200000000.0
415,bostrom1jn8cp663fl0mv6k55xvy2lr6s0r57zg0v6gzr3,,,,200000000.0,,,,,,,,,,,,200000000.0
416,bostrom152xtf7tvw60tyhls32wwc9ypehqzf366zjkeeg,,,,200000000.0,,,,,,,,,,,,200000000.0
417,bostrom1zg3xqymyrvlu5fmmyx8htdm84kqt50t7xdfmuj,,,,200000000.0,,,,,,,,,,,,200000000.0
418,bostrom1fwx3u5w8qyzp8msv2n9umajgst86dnuqrsft0g,,,,200000000.0,,,,,,,,,,,,200000000.0
419,bostrom1nhkl9r84zjucmjswhddwq8zgpun5yks5mjk7xc,,,,200000000.0,,,,,,,,,,,,200000000.0
420,bostrom15884n6qmrwq8gjuwtqh6q8z7vx500n5s3djcv6,,,,200000000.0,,,,,,,,,,,,200000000.0
421,bostrom1wrtzl04mxs2en94ysc5p8mvqc5p0culr9w9m0n,,,,200000000.0,,,,,,,,,,,,200000000.0
422,bostrom15cq4l7d6v43rtv493cps3c7tpsf26d83pseqwn,,,,200000000.0,,,,,,,,,,,,200000000.0
423,bostrom12pafl09rqzcw7d77qs63pg2nlsgvc3dsfxyzum,,,,200000000.0,,,,,,,,,,,,200000000.0
424,bostrom1k879z65mwwwu4jause7galz0hlsqqj4rtah7r6,,,,200000000.0,,,,,,,,,,,,200000000.0
425,bostrom1pljwxmmkhfrkzkdpmdjv29t6959sa77mjt0xz4,,,,200000000.0,,,,,,,,,,,,200000000.0
426,bostrom1809klqrjjrs8ch2gtf5hmmfhysspkrr894rmhm,,,,200000000.0,,,,,,,,,,,,200000000.0
427,bostrom1zq9f4eczclr5cexrxdusfxxr6eumn2rlg2h4hs,,,,200000000.0,,,,,,,,,,,,200000000.0
428,bostrom1e63p9zdn5xks5ge9gj2y9gfkl5u0jgkvfrnhzl,,,,200000000.0,,,,,,,,,,,,200000000.0
429,bostrom1l8hx9jxul439uyjve4zn45nujtx9gmrw3za3vs,,,,200000000.0,,,,,,,,,,,,200000000.0
430,bostrom1ukgaegxryydqckt6fgrt60dajxq758x9pntmhh,,,,200000000.0,,,,,,,,,,,,200000000.0
431,bostrom12vexhfe4m9p9szsqvzsalssf8sxluj6pqx8gr3,,,,200000000.0,,,,,,,,,,,,200000000.0
432,bostrom12zmexhujvw7j82la9uslzfl5g29erpysqt555s,,,,200000000.0,,,,,,,,,,,,200000000.0
433,bostrom194097avwy9a6h0cvznev232z28h96rp2q3w3uc,,,,200000000.0,,,,,,,,,,,,200000000.0
434,bostrom17qkfq2uwags5pzplrfqg2elhn9s0pfwja4mgeu,,,,200000000.0,,,,,,,,,,,,200000000.0
435,bostrom1spndx95pckqnmjss6emff6fyylasg66qzdfv6v,,,,200000000.0,,,,,,,,,,,,200000000.0
436,bostrom10pqp6py9pqtagyde9tnkkvakg3gqsnq7lgzxnp,,,,200000000.0,,,,,,,,,,,,200000000.0
437,bostrom1zejjt25xw9gwvhave95ykkvgqjtk7j56fe9cwh,,,,,,,,,,,,,200000000.0,,,200000000.0
438,bostrom1vesdfkzd36m08clhvkpusq4gv0dnqm28rm2hey,,,,,,,,,,,,,200000000.0,,,200000000.0
439,bostrom1ypvt8rf8md7qedvnk0p8cvd6mnffepst8f05p7,,,,,,,,,,,,,200000000.0,,,200000000.0
440,bostrom1fm842pq6zxaqs86fm30xv459gx7hm7f0ufujvz,,,,,,,,,,,,,200000000.0,,,200000000.0
441,bostrom1gffprg0nuvj9ve39s9rjhjp04u7k8xwan2tzff,,,,,,,,,,,,,200000000.0,,,200000000.0
442,bostrom1yq5h0gjxuup83hdz53utukwhkkz684mk3lx7cr,,,,,,,,,,,,,200000000.0,,,200000000.0
443,bostrom19rfaqnnz5fy3qct8qxzany94t2p7h0rrc75lmz,,,,,,,,,,,,,200000000.0,,,200000000.0
444,bostrom15y8g5ggq2lslncdnlcscqygyesefmjy0t4cae3,,,,,,,,,,,,,200000000.0,,,200000000.0
445,bostrom1h9k38zr5a532jzl0hsker9qz785m822zmqw974,,,,,,,,,,,,,200000000.0,,,200000000.0
446,bostrom1zy3nxgwtw9hr99tzfaxasgwklm9ev843fju9zl,,,,,,,,,,,,,200000000.0,,,200000000.0
447,bostrom1vmfs06hv80gc8jcpzu93ld4494azendxfalh2g,,,,,,,,,,,,,200000000.0,,,200000000.0
448,bostrom1d66wegxpllcsnrzv9saqugpk2dausa836qlqaz,,,,,,,,,,,,,200000000.0,,,200000000.0
449,bostrom15njl9exppdfms5fg4zz9wafn4a95lfj30ftx58,,,,,,,,,,,,,200000000.0,,,200000000.0
450,bostrom1v2fzs3a8mvm4nhsfcpk85gt3d8rdacv6zggl9r,,,,,,,,,,,,,200000000.0,,,200000000.0
451,bostrom1rzr7gnkm3kdqmzqya7ky98m8tnnmtet58deav0,,,,,,,,,,,,,200000000.0,,,200000000.0
452,bostrom1ke9xxd3d6y0ttduac062zvv3r0jtakvhkvqcjz,,,,,,,,,,,,,200000000.0,,,200000000.0
453,bostrom16gtt4cmrvg2us2rgecym9zt65zet7qq2euzvdf,,,,,,,,,,,,,200000000.0,,,200000000.0
454,bostrom1jsdfjw0pjjj5thg7z2tpm30njusrlsagtac7rs,,,,,,,,,,,,,200000000.0,,,200000000.0
455,bostrom1z33aen2znsmgy7wwzavwh2q0u7cu4e9xhky379,,,,,,,,,,,,,200000000.0,,,200000000.0
456,bostrom10r2sn7sasanc0tuw5wzupxvlpht5uv267her62,,,,,,,,,,,,,200000000.0,,,200000000.0
457,bostrom1gtma98yjsx43zc30j99t7t0tmdjt2gyp9e7g0r,,,,,,,,,,,,,200000000.0,,,200000000.0
458,bostrom185y3kgv3e6t4sue0a55jyq88hv76th3urnca4c,,,,,,,,,,,,,200000000.0,,,200000000.0
459,bostrom1xc6jdlqd8gd9e6p73xdc2yw7ad3tnl8w7j4wsl,,,,,,,,,,,,,200000000.0,,,200000000.0
460,bostrom1wdk6rndatlj8dpxq799vmu50zft7xk5768ej2v,,,,,,,,,,,,,200000000.0,,,200000000.0
461,bostrom1uz3xp4au0rxawmct6ffj0u3le7uglyza43appc,,,,,,,,,,,,,200000000.0,,,200000000.0
462,bostrom1uym8hd4pum4zz2mpkf93y8435u725k97e2c38p,,,,,,,,,,,,,200000000.0,,,200000000.0
463,bostrom15ak23s0usm36hv2e4kajhe0yx592hw474p3gkq,,,,,,,,,,,,,200000000.0,,,200000000.0
464,bostrom1njpfrygstn6r5awzp77keyhkl3wfhzmvdz2pug,,,,,,,,,,,,,200000000.0,,,200000000.0
465,bostrom167hs9ma63wd02xym0vjw80uqlekt0cs54ass6v,,,,,,,,,,,,,200000000.0,,,200000000.0
466,bostrom1gh8tenvx2sf9kj2c359ey6s5k0vzlrl7z4t59z,,,,,,,,,,,,,200000000.0,,,200000000.0
467,bostrom17tksas9e4nkp25vgwcsd7z6y83pa6u7sddyyez,,,,,,,,,,,,,200000000.0,,,200000000.0
468,bostrom1y7ku6vf9vq53pv4y6lw2zjn4d5ul3javm92whz,,,,,,,,,,,,,200000000.0,,,200000000.0
469,bostrom1mzn966mlprxgkvayrqu209069px0qwz7gzn799,,,,,,,,,,,,,200000000.0,,,200000000.0
470,bostrom1cjeg60652ueyu5222l3atmm8vrhlq4tfusnswk,,,,,,,,,,,,,200000000.0,,,200000000.0
471,bostrom13855g4d5pfhtnqemgp700qs36qpjdnaz0dx2m5,,,,,,,,,,,,,200000000.0,,,200000000.0
472,bostrom1ueywgan39tj27pdysq0d54cqvcwyggf6eves07,,,,,,,,,,,,,200000000.0,,,200000000.0
473,bostrom197h938dvw52kzf2l7gke2u5tcz3grvlexeaq0y,,,,,,,,,,,,,200000000.0,,,200000000.0
474,bostrom1pkxtd9xwmqwg08kjgz9xqyee3aw7j8upd89ah6,,,,,,,,,,,,,200000000.0,,,200000000.0
475,bostrom12arnsa069zhad0e40mlgy034n7aq77e2nxdven,,,,,,,,,,,,,200000000.0,,,200000000.0
476,bostrom1m3yh7j0jefp9dl26cz8fqexfg8tds39lh957jw,,,,,,,,,,,,,200000000.0,,,200000000.0
477,bostrom1svwchckmrrkfl7py7l2fz3esla7lwmalld4yr2,,,,,,,,,,,,,200000000.0,,,200000000.0
478,bostrom1pvu65ccqw3fmgq88j2j485wc6qm96nx7h7ln4f,,,,,,,,,,,,,200000000.0,,,200000000.0
479,bostrom1wr0mqeyea45u9av63srtvgr553nyg6l9p57ezr,,,,,,,,,,,,,200000000.0,,,200000000.0
480,bostrom1e20dl8se4v2ev79qcay3ag7uf5t98gampz0d48,,,,,,,,,,,,,200000000.0,,,200000000.0
481,bostrom12c8kh7aaz2gg0l4nkd73t58nhurdaren55atua,,,,,,,,,,,,,200000000.0,,,200000000.0
482,bostrom1ftyx5guwf39fz4nc5n5nc9fua36cq344rm2d43,,,,,,,,,,,,,200000000.0,,,200000000.0
483,bostrom123wttw3lu62m7lcg23rkwr88cvv8apjmvkuj9f,,,,,,,,,,,,,200000000.0,,,200000000.0
484,bostrom1j5wpswepyxva5vupvg05pq6jzqh7ttdvepkhp3,,,,,,,,,,,,,200000000.0,,,200000000.0
485,bostrom1wh5gfxyz8x95qyjlc2s24h3czr60vfehwt49xa,,,,,,,,,,,,,200000000.0,,,200000000.0
486,bostrom1z3u9w3vyq6sw7ndxcdpjkgvlj0qaqm6spc3jmp,,,,,,,,,,,,,200000000.0,,,200000000.0
487,bostrom1pzyt3y68zcnvl7hkvuffqfedccaptf6nt2x8ya,,,,,,,,,,,,,200000000.0,,,200000000.0
488,bostrom1pzxnpyvxr6x9z64y6w3ctv0cvcx9sp90ehj960,,,,,,,,,,,,,200000000.0,,,200000000.0
489,bostrom1ppzvqc7yf9lfs8cljqu6w992gct6d5h9jx5wsn,,,,200000000.0,,,,,,,,,,,,200000000.0
490,bostrom19uryr2zuxcfdevfq429jng9a2evxwadlsky04c,,,,,,,,,,1571093.0,,197186458.0,,,,198757551.0
491,bostrom1jst67u54vquzvun3dawpmpwyx5ar8mayaak5j7,,,,,,181160067.0,,,,,,,,,,181160067.0
492,bostrom1kk79xcsuah7ckvunku78094gyh7900ehkllkur,,,,,,,,,,,,,,173703544.0,,173703544.0
493,bostrom1fhj7pkuvwflr7z7ngp2v9tj7g58aq2tjgvqfaj,,,,,,,,,135097195.0,,,,,,,135097195.0
494,bostrom1l4krahjfp87exsmumzpnrfeaer2gsghpuwhfp6,,,,,,,,,112519320.0,,,,,,,112519320.0
495,bostrom16s7gwc944patdynnfnvac0jh5u76wsnflty377,,,,,,77674844.0,,,,,,,,,,77674844.0
496,bostrom137eezcxcyqgt6kshfdfuvnsdgwpujyje2l8qdz,,,,,,,,,,,,,,73708712.0,,73708712.0
497,bostrom19wtkh935tx2ut2n4m6tjvkfvew4shaeezfl7em,,,,,,,,,,,,59855356.0,,,,59855356.0
498,bostrom190y8vwhmyjdnk7cfutcm7u8haw80xyejdwxsql,,,,,,,,,,56952126.0,,,,,,56952126.0
499,bostrom1rfh303jsl5297sxgs5txpt97lvxpjt4he3yy5r,,,,,,,,,,54988260.0,,,,,,54988260.0
500,bostrom1a2kn43nquua6gmr4n42htmjpceqj7fzushe28h,,,,,,,,,,,,52853070.0,,,,52853070.0
501,bostrom1uz39kh64w8p5df034fh6g5hwpdq8m0h5rx58he,,,,,,,,,,,,,,49997750.0,,49997750.0
502,bostrom1u74s0z4ft63c6zz7g8xs62esdtdjkzuk4zf0rt,,,,,,,,,,,,42282456.0,,,,42282456.0
503,bostrom1n89a8avc4j7cv75lfsyynx5kazlk80ar5qcdx6,,,,,102666.0,,,,40897910.0,,,,,,,41000576.0
504,bostrom12u6qgyrdsy4xmw04vfkkkh9a9tqzw66g59hudt,,,,,,,,,,27886903.0,,,,,,27886903.0
505,bostrom175tm6fucmk0e29cfgzaud6kqgksy25p884kjx0,,26259431.0,,,,,,,,,,,,,,26259431.0
506,bostrom1v46pz6ddetfc3tnvdr28ss0l48jhazgynvp3c7,,14979552.0,,,,,,,,,,,,,,14979552.0
507,bostrom13nrdf490fsuv4rwjp02hlyvalqjkn5u6xxqvqz,,,,,,,,,,14925385.0,,,,,,14925385.0
508,bostrom1fp9q2t9zn9gr5qjh9wljxuavtcsc4h8uqgnm2e,,,,,,,,,,12175972.0,,,,,,12175972.0
509,bostrom158mysantvvk7x65tfhhuu8q2va4ls34r54hk78,,,,,,,,,,9819332.0,,,,,,9819332.0
510,bostrom1clalfxmsrqdgnqq5uxlx0mc983pyp3wq4xl03c,,,,,,,,,,4713279.0,,,,,,4713279.0
511,bostrom13zf8kghx7h5fyttk6xdnjqn9c87z0rd36sfqjw,,,,,,,,,,4320506.0,,,,,,4320506.0
512,bostrom1wf8alywyvlxy2dqfe38efdpdmuscfpf4jxvg6r,,,,,,,,,,4320506.0,,,,,,4320506.0
513,bostrom1cc43k76udpd3xvpn6md76zz3ru6nvcnreeg2eq,,,,,,,,,,3927733.0,,,,,,3927733.0
514,bostrom1l5x6kerswths5xl0d6672y9yyn9mg2vw8yz59q,,,,,,,,,,3142186.0,,,,,,3142186.0
515,bostrom16vc2mjjfxx2h5m6jpdp4nqfu5095qaeeq27qxj,,,,,,,,,,2749413.0,,,,,,2749413.0
516,bostrom1qe4sguqg8ztlyy7psf7lzwr4ahph9j36k5hltz,,,,,,,,,,2749413.0,,,,,,2749413.0
517,bostrom1mn8ev805fde2xswght0snwfayfj9tn54dt24zg,,,,,,,,,,2749413.0,,,,,,2749413.0
518,bostrom1jmhqgld7luvuhh42wac24z6nlggjvkc7fzgs62,,,,,,,,,,2356640.0,,,,,,2356640.0
519,bostrom1eq2h9enjxsg5s08scr69lzwde8fl79snw20dc8,,,,,,,,,,1571093.0,,,,,,1571093.0
520,bostrom1dx8mvxfu6mpfnjehvdkp9lsvu78ek2gjr7r766,,,,,,,,,,1571093.0,,,,,,1571093.0
521,bostrom16862syzdtc6h0sxz92jhnjjas5yhhjgzvyewwd,,,,,,,,,,1571093.0,,,,,,1571093.0
522,bostrom1qjknpllzp6w6qsxxjx52zxald29wpyzljznzdv,,,,,,,,,,1571093.0,,,,,,1571093.0
523,bostrom1latzme6xf6s8tsrymuu6laf2ks2humqvfcz7m6,,,,,,,,,,785547.0,,,,,,785547.0
524,bostrom1c7pv6zyza76f3yhv0zvjc042e8m7w796qmvkse,,,,,,,,,,785547.0,,,,,,785547.0
525,bostrom1ec9da8avgv7tnvsx3v8g8veqrhlqq26lnncg5t,,,,,,,,,,785547.0,,,,,,785547.0
526,bostrom1kjhdx3nkh6krdhryvjzkq33xwh6wsyy7y8ark6,,,,,,,,,,392773.0,,,,,,392773.0
527,bostrom1y675phjdvw576ahlcmlamrzr28rjht9mx709lg,,,,,,,,,,392773.0,,,,,,392773.0
528,bostrom1hq8d6pu2l6wkrwu9jxcqjcu55g8l43zxmrd6dk,,,,,,,,,,392773.0,,,,,,392773.0
529,bostrom1c4h647a9rj8n9zye5ttmh9chpg66f3ffdvdds0,,,,,,,,,,392773.0,,,,,,392773.0
530,bostrom14ysuwg6p4fzfaa6tg4s3hazu86pfevsw4cegce,,,,,,,,,,392773.0,,,,,,392773.0
531,bostrom1y935ede6znmcvqdmn6mnl2aa5zxcqvvracsczu,,,,,,,,,,392773.0,,,,,,392773.0
532,bostrom1yslufs9kq762qty0wh62c8qtlpm2202ejmw4ef,,,,,,,,,,392773.0,,,,,,392773.0
533,bostrom1jxpe7neu764uasz5y5u4lrr5jtltv430gjm9dw,,,,,,,,,,392773.0,,,,,,392773.0
534,bostrom1kz6s2mp4rg7plj8p4qqe2wkegn4ldw3ak2a7qc,,,,,,,,,,,,,,233827.0,,233827.0
